Workbook
Name Slicer_Department: #N/A

Sheet Data
A1: Employee | B1: Department | C1: Salary | D1: Sales | E1: Region | F1: Hire_Date | G1: Performance_Tier | H1: Tier_IFS | I1: Bonus
A2: Ahmed Al Farsi | B2: Sales | C2: 18500 | D2: 95000 | E2: UAE | F2: 43891 | G2: =IF(C2>20000,"Elite",IF(C2>15000,"High",IF(C2>10000,"Mid",IF(C2>5000,"Low","Entry")))) -> High | H2: =_xlfn.IFS(C2>20000,"Elite",C2>15000,"High",C2>10000,"Mid",C2>5000,"Low",TRUE,"Entry") -> High | I2: =IF(B2="Sales",D2*0.05,IF(C2>20000,C2*0.1,C2*0.05)) -> 4750
A3: Sara Malik | B3: HR | C3: 9200 | D3: 0 | E3: UAE | F3: 43631 | G3: =IF(C3>20000,"Elite",IF(C3>15000,"High",IF(C3>10000,"Mid",IF(C3>5000,"Low","Entry")))) -> Low | H3: =_xlfn.IFS(C3>20000,"Elite",C3>15000,"High",C3>10000,"Mid",C3>5000,"Low",TRUE,"Entry") -> Low | I3: =IF(B3="Sales",D3*0.05,IF(C3>20000,C3*0.1,C3*0.05)) -> 460
A4: John Okafor | B4: Finance | C4: 14300 | D4: 0 | E4: KSA | F4: 44461 | G4: =IF(C4>20000,"Elite",IF(C4>15000,"High",IF(C4>10000,"Mid",IF(C4>5000,"Low","Entry")))) -> Mid | H4: =_xlfn.IFS(C4>20000,"Elite",C4>15000,"High",C4>10000,"Mid",C4>5000,"Low",TRUE,"Entry") -> Mid | I4: =IF(B4="Sales",D4*0.05,IF(C4>20000,C4*0.1,C4*0.05)) -> 715
A5: Priya Nair | B5: Tech | C5: 22000 | D5: 0 | E5: UAE | F5: 44564 | G5: =IF(C5>20000,"Elite",IF(C5>15000,"High",IF(C5>10000,"Mid",IF(C5>5000,"Low","Entry")))) -> Elite | H5: =_xlfn.IFS(C5>20000,"Elite",C5>15000,"High",C5>10000,"Mid",C5>5000,"Low",TRUE,"Entry") -> Elite | I5: =IF(B5="Sales",D5*0.05,IF(C5>20000,C5*0.1,C5*0.05)) -> 2200
A6: Mohammed Al Amri | B6: Sales | C6: 16700 | D6: 82000 | E6: KSA | F6: 43200 | G6: =IF(C6>20000,"Elite",IF(C6>15000,"High",IF(C6>10000,"Mid",IF(C6>5000,"Low","Entry")))) -> High | H6: =_xlfn.IFS(C6>20000,"Elite",C6>15000,"High",C6>10000,"Mid",C6>5000,"Low",TRUE,"Entry") -> High | I6: =IF(B6="Sales",D6*0.05,IF(C6>20000,C6*0.1,C6*0.05)) -> 4100
A7: Liu Wei | B7: Tech | C7: 25000 | D7: 0 | E7: UAE | F7: 45145 | G7: =IF(C7>20000,"Elite",IF(C7>15000,"High",IF(C7>10000,"Mid",IF(C7>5000,"Low","Entry")))) -> Elite | H7: =_xlfn.IFS(C7>20000,"Elite",C7>15000,"High",C7>10000,"Mid",C7>5000,"Low",TRUE,"Entry") -> Elite | I7: =IF(B7="Sales",D7*0.05,IF(C7>20000,C7*0.1,C7*0.05)) -> 2500
A8: Fatima Hassan | B8: Sales | C8: 11200 | D8: 64000 | E8: UAE | F8: 44154 | G8: =IF(C8>20000,"Elite",IF(C8>15000,"High",IF(C8>10000,"Mid",IF(C8>5000,"Low","Entry")))) -> Mid | H8: =_xlfn.IFS(C8>20000,"Elite",C8>15000,"High",C8>10000,"Mid",C8>5000,"Low",TRUE,"Entry") -> Mid | I8: =IF(B8="Sales",D8*0.05,IF(C8>20000,C8*0.1,C8*0.05)) -> 3200
A9: Carlos Rivera | B9: Finance | C9: 13800 | D9: 0 | E9: KSA | F9: 44255 | G9: =IF(C9>20000,"Elite",IF(C9>15000,"High",IF(C9>10000,"Mid",IF(C9>5000,"Low","Entry")))) -> Mid | H9: =_xlfn.IFS(C9>20000,"Elite",C9>15000,"High",C9>10000,"Mid",C9>5000,"Low",TRUE,"Entry") -> Mid | I9: =IF(B9="Sales",D9*0.05,IF(C9>20000,C9*0.1,C9*0.05)) -> 690
A10: Aisha Qureshi | B10: HR | C10: 8500 | D10: 0 | E10: UAE | F10: 44747 | G10: =IF(C10>20000,"Elite",IF(C10>15000,"High",IF(C10>10000,"Mid",IF(C10>5000,"Low","Entry")))) -> Low | H10: =_xlfn.IFS(C10>20000,"Elite",C10>15000,"High",C10>10000,"Mid",C10>5000,"Low",TRUE,"Entry") -> Low | I10: =IF(B10="Sales",D10*0.05,IF(C10>20000,C10*0.1,C10*0.05)) -> 425
A11: Daniel Mensah | B11: Tech | C11: 19500 | D11: 0 | E11: UAE | F11: 43538 | G11: =IF(C11>20000,"Elite",IF(C11>15000,"High",IF(C11>10000,"Mid",IF(C11>5000,"Low","Entry")))) -> High | H11: =_xlfn.IFS(C11>20000,"Elite",C11>15000,"High",C11>10000,"Mid",C11>5000,"Low",TRUE,"Entry") -> High | I11: =IF(B11="Sales",D11*0.05,IF(C11>20000,C11*0.1,C11*0.05)) -> 975
A12: Nour Al Rashidi | B12: Sales | C12: 21000 | D12: 110000 | E12: UAE | F12: 42736 | G12: =IF(C12>20000,"Elite",IF(C12>15000,"High",IF(C12>10000,"Mid",IF(C12>5000,"Low","Entry")))) -> Elite | H12: =_xlfn.IFS(C12>20000,"Elite",C12>15000,"High",C12>10000,"Mid",C12>5000,"Low",TRUE,"Entry") -> Elite | I12: =IF(B12="Sales",D12*0.05,IF(C12>20000,C12*0.1,C12*0.05)) -> 5500
A13: Tanya Iyer | B13: Finance | C13: 15600 | D13: 0 | E13: KSA | F13: 43981 | G13: =IF(C13>20000,"Elite",IF(C13>15000,"High",IF(C13>10000,"Mid",IF(C13>5000,"Low","Entry")))) -> High | H13: =_xlfn.IFS(C13>20000,"Elite",C13>15000,"High",C13>10000,"Mid",C13>5000,"Low",TRUE,"Entry") -> High | I13: =IF(B13="Sales",D13*0.05,IF(C13>20000,C13*0.1,C13*0.05)) -> 780
... A21: Mei Lin | B21: Finance | C21: 12900 | D21: 0 | E21: UAE | F21: 44506 | G21: =IF(C21>20000,"Elite",IF(C21>15000,"High",IF(C21>10000,"Mid",IF(C21>5000,"Low","Entry")))) -> Mid | H21: =_xlfn.IFS(C21>20000,"Elite",C21>15000,"High",C21>10000,"Mid",C21>5000,"Low",TRUE,"Entry") -> Mid | I21: =IF(B21="Sales",D21*0.05,IF(C21>20000,C21*0.1,C21*0.05)) -> 645

Sheet Formatting
A1: Employee | B1: Department | C1: Salary | D1: Sales | E1: Region | F1: Hire_Date | G1: Performance_Tier | H1: Tier_IFS | I1: Bonus
A2: Ahmed Al Farsi | B2: Sales | C2: 18500 | D2: 95000 | E2: UAE | F2: 43891 | G2: =IF(C2>20000,"Elite",IF(C2>15000,"High",IF(C2>10000,"Mid",IF(C2>5000,"Low","Entry")))) -> High | H2: =_xlfn.IFS(C2>20000,"Elite",C2>15000,"High",C2>10000,"Mid",C2>5000,"Low",TRUE,"Entry") -> High | I2: =IF(B2="Sales",D2*0.05,IF(C2>20000,C2*0.1,C2*0.05)) -> 4750
A3: Sara Malik | B3: HR | C3: 9200 | D3: 0 | E3: UAE | F3: 43631 | G3: =IF(C3>20000,"Elite",IF(C3>15000,"High",IF(C3>10000,"Mid",IF(C3>5000,"Low","Entry")))) -> Low | H3: =_xlfn.IFS(C3>20000,"Elite",C3>15000,"High",C3>10000,"Mid",C3>5000,"Low",TRUE,"Entry") -> Low | I3: =IF(B3="Sales",D3*0.05,IF(C3>20000,C3*0.1,C3*0.05)) -> 460
A4: John Okafor | B4: Finance | C4: 14300 | D4: 0 | E4: KSA | F4: 44461 | G4: =IF(C4>20000,"Elite",IF(C4>15000,"High",IF(C4>10000,"Mid",IF(C4>5000,"Low","Entry")))) -> Mid | H4: =_xlfn.IFS(C4>20000,"Elite",C4>15000,"High",C4>10000,"Mid",C4>5000,"Low",TRUE,"Entry") -> Mid | I4: =IF(B4="Sales",D4*0.05,IF(C4>20000,C4*0.1,C4*0.05)) -> 715
A5: Priya Nair | B5: Tech | C5: 22000 | D5: 0 | E5: UAE | F5: 44564 | G5: =IF(C5>20000,"Elite",IF(C5>15000,"High",IF(C5>10000,"Mid",IF(C5>5000,"Low","Entry")))) -> Elite | H5: =_xlfn.IFS(C5>20000,"Elite",C5>15000,"High",C5>10000,"Mid",C5>5000,"Low",TRUE,"Entry") -> Elite | I5: =IF(B5="Sales",D5*0.05,IF(C5>20000,C5*0.1,C5*0.05)) -> 2200
A6: Mohammed Al Amri | B6: Sales | C6: 16700 | D6: 82000 | E6: KSA | F6: 43200 | G6: =IF(C6>20000,"Elite",IF(C6>15000,"High",IF(C6>10000,"Mid",IF(C6>5000,"Low","Entry")))) -> High | H6: =_xlfn.IFS(C6>20000,"Elite",C6>15000,"High",C6>10000,"Mid",C6>5000,"Low",TRUE,"Entry") -> High | I6: =IF(B6="Sales",D6*0.05,IF(C6>20000,C6*0.1,C6*0.05)) -> 4100
A7: Liu Wei | B7: Tech | C7: 25000 | D7: 0 | E7: UAE | F7: 45145 | G7: =IF(C7>20000,"Elite",IF(C7>15000,"High",IF(C7>10000,"Mid",IF(C7>5000,"Low","Entry")))) -> Elite | H7: =_xlfn.IFS(C7>20000,"Elite",C7>15000,"High",C7>10000,"Mid",C7>5000,"Low",TRUE,"Entry") -> Elite | I7: =IF(B7="Sales",D7*0.05,IF(C7>20000,C7*0.1,C7*0.05)) -> 2500
A8: Fatima Hassan | B8: Sales | C8: 11200 | D8: 64000 | E8: UAE | F8: 44154 | G8: =IF(C8>20000,"Elite",IF(C8>15000,"High",IF(C8>10000,"Mid",IF(C8>5000,"Low","Entry")))) -> Mid | H8: =_xlfn.IFS(C8>20000,"Elite",C8>15000,"High",C8>10000,"Mid",C8>5000,"Low",TRUE,"Entry") -> Mid | I8: =IF(B8="Sales",D8*0.05,IF(C8>20000,C8*0.1,C8*0.05)) -> 3200
A9: Carlos Rivera | B9: Finance | C9: 13800 | D9: 0 | E9: KSA | F9: 44255 | G9: =IF(C9>20000,"Elite",IF(C9>15000,"High",IF(C9>10000,"Mid",IF(C9>5000,"Low","Entry")))) -> Mid | H9: =_xlfn.IFS(C9>20000,"Elite",C9>15000,"High",C9>10000,"Mid",C9>5000,"Low",TRUE,"Entry") -> Mid | I9: =IF(B9="Sales",D9*0.05,IF(C9>20000,C9*0.1,C9*0.05)) -> 690
A10: Aisha Qureshi | B10: HR | C10: 8500 | D10: 0 | E10: UAE | F10: 44747 | G10: =IF(C10>20000,"Elite",IF(C10>15000,"High",IF(C10>10000,"Mid",IF(C10>5000,"Low","Entry")))) -> Low | H10: =_xlfn.IFS(C10>20000,"Elite",C10>15000,"High",C10>10000,"Mid",C10>5000,"Low",TRUE,"Entry") -> Low | I10: =IF(B10="Sales",D10*0.05,IF(C10>20000,C10*0.1,C10*0.05)) -> 425
A11: Daniel Mensah | B11: Tech | C11: 19500 | D11: 0 | E11: UAE | F11: 43538 | G11: =IF(C11>20000,"Elite",IF(C11>15000,"High",IF(C11>10000,"Mid",IF(C11>5000,"Low","Entry")))) -> High | H11: =_xlfn.IFS(C11>20000,"Elite",C11>15000,"High",C11>10000,"Mid",C11>5000,"Low",TRUE,"Entry") -> High | I11: =IF(B11="Sales",D11*0.05,IF(C11>20000,C11*0.1,C11*0.05)) -> 975
A12: Nour Al Rashidi | B12: Sales | C12: 21000 | D12: 110000 | E12: UAE | F12: 42736 | G12: =IF(C12>20000,"Elite",IF(C12>15000,"High",IF(C12>10000,"Mid",IF(C12>5000,"Low","Entry")))) -> Elite | H12: =_xlfn.IFS(C12>20000,"Elite",C12>15000,"High",C12>10000,"Mid",C12>5000,"Low",TRUE,"Entry") -> Elite | I12: =IF(B12="Sales",D12*0.05,IF(C12>20000,C12*0.1,C12*0.05)) -> 5500
A13: Tanya Iyer | B13: Finance | C13: 15600 | D13: 0 | E13: KSA | F13: 43981 | G13: =IF(C13>20000,"Elite",IF(C13>15000,"High",IF(C13>10000,"Mid",IF(C13>5000,"Low","Entry")))) -> High | H13: =_xlfn.IFS(C13>20000,"Elite",C13>15000,"High",C13>10000,"Mid",C13>5000,"Low",TRUE,"Entry") -> High | I13: =IF(B13="Sales",D13*0.05,IF(C13>20000,C13*0.1,C13*0.05)) -> 780
... A21: Mei Lin | B21: Finance | C21: 12900 | D21: 0 | E21: UAE | F21: 44506 | G21: =IF(C21>20000,"Elite",IF(C21>15000,"High",IF(C21>10000,"Mid",IF(C21>5000,"Low","Entry")))) -> Mid | H21: =_xlfn.IFS(C21>20000,"Elite",C21>15000,"High",C21>10000,"Mid",C21>5000,"Low",TRUE,"Entry") -> Mid | I21: =IF(B21="Sales",D21*0.05,IF(C21>20000,C21*0.1,C21*0.05)) -> 645

Sheet Pivot
A1: Department | B1: (All)
A3: Column Labels
A4: KSA | D4: UAE | G4: Total Total Salary | H4: Total Headcount | I4: Total Avg Salary
A5: Total Salary | B5: Headcount | C5: Avg Salary | D5: Total Salary | E5: Headcount | F5: Avg Salary
A6: 109000 | B6: 7 | C6: 15571.429 | D6: 217400 | E6: 13 | F6: 16723.077 | G6: 326400 | H6: 20 | I6: 16320

Sheet Summary
A1: Department | B1: Total Salary | C1: Average Salary | D1: Employee Count | E1: Total Sales (UAE only) | F1: High Earners (Salary > 15000)
A2: Sales | B2: =SUMIF(Data!B:B,A2,Data!C:C) -> 90600 | C2: =AVERAGEIF(Data!B:B,A2,Data!C:C) -> 15100 | D2: =COUNTIF(Data!B:B,A2) -> 6 | E2: =SUMIFS(Data!D:D,Data!B:B,A2,Data!E:E,"UAE") -> 340000 | F2: =COUNTIFS(Data!B:B,A2,Data!C:C,">"&15000) -> 3
A3: HR | B3: =SUMIF(Data!B:B,A3,Data!C:C) -> 36000 | C3: =AVERAGEIF(Data!B:B,A3,Data!C:C) -> 9000 | D3: =COUNTIF(Data!B:B,A3) -> 4 | E3: =SUMIFS(Data!D:D,Data!B:B,A3,Data!E:E,"UAE") -> 0 | F3: =COUNTIFS(Data!B:B,A3,Data!C:C,">"&15000) -> 0
A4: Finance | B4: =SUMIF(Data!B:B,A4,Data!C:C) -> 73800 | C4: =AVERAGEIF(Data!B:B,A4,Data!C:C) -> 14760 | D4: =COUNTIF(Data!B:B,A4) -> 5 | E4: =SUMIFS(Data!D:D,Data!B:B,A4,Data!E:E,"UAE") -> 0 | F4: =COUNTIFS(Data!B:B,A4,Data!C:C,">"&15000) -> 2
A5: Tech | B5: =SUMIF(Data!B:B,A5,Data!C:C) -> 126000 | C5: =AVERAGEIF(Data!B:B,A5,Data!C:C) -> 25200 | D5: =COUNTIF(Data!B:B,A5) -> 5 | E5: =SUMIFS(Data!D:D,Data!B:B,A5,Data!E:E,"UAE") -> 0 | F5: =COUNTIFS(Data!B:B,A5,Data!C:C,">"&15000) -> 5
A7: TOTAL | B7: =SUM(B2:B5) -> 326400 | C7: =SUM(D2:D5) -> 20

Sheet Lookups
A1: Employee Name | B1: LookupValue | C1: VLOOKUP - Salary | D1: INDEX-MATCH - Salary
A2: Nour Al Rashidi | C2: =VLOOKUP(A2,Data!A:F,3,0) -> 21000 | D2: =INDEX(Data!C:C,MATCH(A2,Data!A:A,0)) -> 21000
A4: Employee Name | B4: Nour Al Rashidi | C4: Two-way result
A5: Column to return | B5: Department | C5: =INDEX(Data!A:F, MATCH(B4,Data!A:A,0), MATCH(B5,Data!$1:$1,0)) -> Sales

Sheet Validation
A1: Department | D1: Region | E1: Total Salary for Selection | F1: Valid Regions
A2: Sales | D2: UAE | E2: =SUMIFS(Data!C:C,Data!B:B,B2,Data!E:E,C2) -> 0 | F2: UAE
F3: KSA
